,Signal,Background,Missing
N_total_prescriptions,3.0 (1.0-4.0),2.0 (0.0-3.0),0.0%
age,75.0 (68.0-81.0),69.0 (62.0-75.0),0.0%
alcohol,-,-,0.8%
alcohol == 0.0,1091 (93.2%),19074 (92.3%),-
alcohol == 1.0,79 (6.8%),1589 (7.7%),-
antirheumatika,-,-,0.0%
antirheumatika == 0,1143 (96.9%),20388 (97.8%),-
antirheumatika == 1,37 (3.1%),446 (2.1%),-
antirheumatika == 2,-,3 (0.0%),-
bmi,27.3 (23.9-31.2),27.5 (24.6-31.1),0.0%
cancer,-,-,0.8%
cancer == 0.0,948 (81.3%),17097 (82.7%),-
cancer == 1.0,91 (7.8%),1513 (7.3%),-
cancer == 3.0,127 (10.9%),2065 (10.0%),-
cardiac_disease,-,-,0.7%
cardiac_disease == 0.0,866 (73.9%),17934 (86.7%),-
cardiac_disease == 1.0,306 (26.1%),2750 (13.3%),-
cerebral_attack,-,-,1.4%
cerebral_attack == 0.0,990 (85.7%),19469 (94.7%),-
cerebral_attack == 1.0,165 (14.3%),1086 (5.3%),-
cholesterol_medicine,-,-,0.0%
cholesterol_medicine == 0,708 (60.0%),14719 (70.6%),-
cholesterol_medicine == 1,457 (38.7%),5866 (28.2%),-
cholesterol_medicine == 2,7 (0.6%),135 (0.6%),-
cholesterol_medicine == 3,8 (0.7%),117 (0.6%),-
civil_status,-,-,0.7%
civil_status == 0.0,571 (48.7%),13869 (67.0%),-
civil_status == 1.0,578 (49.3%),6717 (32.5%),-
civil_status == 2.0,24 (2.0%),113 (0.5%),-
dm_type,-,-,0.5%
dm_type == 0.0,947 (80.7%),18604 (89.7%),-
dm_type == 1.0,60 (5.1%),413 (2.0%),-
dm_type == 2.0,137 (11.7%),1448 (7.0%),-
dm_type == 3.0,29 (2.5%),274 (1.3%),-
family_vte,-,-,12.5%
family_vte == 0.0,835 (84.3%),15758 (86.3%),-
family_vte == 1.0,155 (15.7%),2510 (13.7%),-
group_ak,-,-,0.0%
group_ak == 0,679 (57.5%),15844 (76.0%),-
group_ak == 1,106 (9.0%),750 (3.6%),-
group_ak == 10,4 (0.3%),11 (0.1%),-
group_ak == 11,3 (0.3%),14 (0.1%),-
group_ak == 12,1 (0.1%),21 (0.1%),-
group_ak == 14,1 (0.1%),3 (0.0%),-
group_ak == 15,18 (1.5%),132 (0.6%),-
group_ak == 16,1 (0.1%),12 (0.1%),-
group_ak == 17,1 (0.1%),7 (0.0%),-
group_ak == 2,-,7 (0.0%),-
group_ak == 3,48 (4.1%),659 (3.2%),-
group_ak == 4,205 (17.4%),2492 (12.0%),-
group_ak == 5,5 (0.4%),29 (0.1%),-
group_ak == 6,75 (6.4%),569 (2.7%),-
group_ak == 7,17 (1.4%),168 (0.8%),-
group_ak == 8,10 (0.8%),78 (0.4%),-
group_ak == 9,6 (0.5%),41 (0.2%),-
group_card,-,-,0.0%
group_card == 0,321 (27.2%),9200 (44.2%),-
group_card == 1,77 (6.5%),1184 (5.7%),-
group_card == 10,92 (7.8%),1069 (5.1%),-
group_card == 11,50 (4.2%),548 (2.6%),-
group_card == 12,95 (8.1%),975 (4.7%),-
group_card == 13,25 (2.1%),265 (1.3%),-
group_card == 14,2 (0.2%),18 (0.1%),-
group_card == 15,2 (0.2%),19 (0.1%),-
group_card == 16,9 (0.8%),87 (0.4%),-
group_card == 17,49 (4.2%),331 (1.6%),-
group_card == 18,5 (0.4%),15 (0.1%),-
group_card == 19,57 (4.8%),364 (1.7%),-
group_card == 2,132 (11.2%),2683 (12.9%),-
group_card == 3,55 (4.7%),773 (3.7%),-
group_card == 4,29 (2.5%),559 (2.7%),-
group_card == 5,1 (0.1%),18 (0.1%),-
group_card == 6,-,12 (0.1%),-
group_card == 7,2 (0.2%),21 (0.1%),-
group_card == 9,177 (15.0%),2696 (12.9%),-
group_psych,-,-,0.0%
group_psych == 0,952 (80.7%),18657 (89.5%),-
group_psych == 1,100 (8.5%),1164 (5.6%),-
group_psych == 10,8 (0.7%),94 (0.5%),-
group_psych == 11,11 (0.9%),87 (0.4%),-
group_psych == 12,7 (0.6%),84 (0.4%),-
group_psych == 13,3 (0.3%),12 (0.1%),-
group_psych == 14,20 (1.7%),149 (0.7%),-
group_psych == 15,-,14 (0.1%),-
group_psych == 16,4 (0.3%),18 (0.1%),-
group_psych == 17,2 (0.2%),9 (0.0%),-
group_psych == 2,1 (0.1%),17 (0.1%),-
group_psych == 3,8 (0.7%),116 (0.6%),-
group_psych == 4,-,7 (0.0%),-
group_psych == 5,6 (0.5%),27 (0.1%),-
group_psych == 6,1 (0.1%),10 (0.0%),-
group_psych == 7,25 (2.1%),184 (0.9%),-
group_psych == 8,28 (2.4%),182 (0.9%),-
group_psych == 9,4 (0.3%),6 (0.0%),-
group_resp,-,-,0.0%
group_resp == 0,1000 (84.7%),18754 (90.0%),-
group_resp == 1,13 (1.1%),276 (1.3%),-
group_resp == 10,9 (0.8%),98 (0.5%),-
group_resp == 11,6 (0.5%),96 (0.5%),-
group_resp == 12,45 (3.8%),448 (2.2%),-
group_resp == 2,19 (1.6%),217 (1.0%),-
group_resp == 3,8 (0.7%),211 (1.0%),-
group_resp == 4,6 (0.5%),18 (0.1%),-
group_resp == 5,45 (3.8%),474 (2.3%),-
group_resp == 6,19 (1.6%),122 (0.6%),-
group_resp == 7,-,11 (0.1%),-
group_resp == 8,7 (0.6%),80 (0.4%),-
group_resp == 9,3 (0.3%),32 (0.2%),-
hb,8.2 (7.7-8.8),8.6 (8.1-9.2),1.5%
height,168.0 (162.0-175.0),170.0 (164.0-178.0),0.0%
hyper_colesterol,-,-,0.6%
hyper_colesterol == 0.0,705 (60.2%),14655 (70.7%),-
hyper_colesterol == 1.0,467 (39.8%),6062 (29.3%),-
hypertens,-,-,3.3%
hypertens == 0.0,378 (33.9%),10033 (49.7%),-
hypertens == 1.0,738 (66.1%),10141 (50.3%),-
joint,-,-,0.0%
joint == 0,636 (53.9%),11542 (55.4%),-
joint == 1,544 (46.1%),9295 (44.6%),-
kidney,-,-,1.5%
kidney == 0.0,1095 (95.6%),20272 (98.7%),-
kidney == 1.0,50 (4.4%),273 (1.3%),-
previous_vte,-,-,1.6%
previous_vte == 0.0,1021 (88.5%),19031 (92.8%),-
previous_vte == 1.0,133 (11.5%),1481 (7.2%),-
psd_knee,-,-,3.5%
psd_knee == 0.0,962 (86.0%),18544 (92.1%),-
psd_knee == 1.0,156 (14.0%),1590 (7.9%),-
pulmonary_disease,-,-,0.5%
pulmonary_disease == 0.0,993 (84.5%),18900 (91.1%),-
pulmonary_disease == 1.0,182 (15.5%),1841 (8.9%),-
rested,-,-,6.1%
rested == 0.0,362 (33.7%),5417 (27.6%),-
rested == 1.0,665 (61.9%),13381 (68.2%),-
rested == 2.0,48 (4.5%),809 (4.1%),-
sex,-,-,0.0%
sex == 0,755 (64.0%),12133 (58.2%),-
sex == 1,425 (36.0%),8704 (41.8%),-
smoking,-,-,0.7%
smoking == 0.0,1039 (88.9%),17945 (86.7%),-
smoking == 1.0,130 (11.1%),2751 (13.3%),-
snore,-,-,16.2%
snore == 0.0,447 (48.5%),8225 (46.9%),-
snore == 1.0,266 (28.9%),5522 (31.5%),-
snore == 2.0,208 (22.6%),3781 (21.6%),-
steroid,-,-,0.0%
steroid == 0,1057 (89.6%),19688 (94.5%),-
steroid == 1,123 (10.4%),1149 (5.5%),-
walking_tool,-,-,1.8%
walking_tool == 0.0,599 (52.0%),16080 (78.5%),-
walking_tool == 1.0,552 (48.0%),4398 (21.5%),-
weight,78.0 (67.0-91.0),81.0 (70.0-93.0),0.0%
year,-,-,0.0%
year == 2014.0054644808743,1 (0.1%),7 (0.0%),-
year == 2014.016393442623,1 (0.1%),39 (0.2%),-
year == 2014.01912568306,3 (0.3%),34 (0.2%),-
year == 2014.0218579234972,2 (0.2%),36 (0.2%),-
year == 2014.0245901639344,-,19 (0.1%),-
year == 2014.0273224043715,-,11 (0.1%),-
year == 2014.035519125683,1 (0.1%),40 (0.2%),-
year == 2014.0382513661202,3 (0.3%),36 (0.2%),-
year == 2014.0409836065573,7 (0.6%),29 (0.1%),-
year == 2014.0437158469945,3 (0.3%),18 (0.1%),-
year == 2014.0464480874316,-,6 (0.0%),-
year == 2014.0546448087432,2 (0.2%),32 (0.2%),-
year == 2014.0573770491803,6 (0.5%),38 (0.2%),-
year == 2014.0601092896175,1 (0.1%),31 (0.1%),-
year == 2014.0628415300546,2 (0.2%),10 (0.0%),-
year == 2014.0655737704917,-,7 (0.0%),-
year == 2014.0737704918033,-,35 (0.2%),-
year == 2014.0765027322404,3 (0.3%),30 (0.1%),-
year == 2014.0792349726776,1 (0.1%),30 (0.1%),-
year == 2014.0819672131147,2 (0.2%),13 (0.1%),-
year == 2014.0846994535518,1 (0.1%),5 (0.0%),-
year == 2014.0928961748634,3 (0.3%),34 (0.2%),-
year == 2014.0956284153006,1 (0.1%),40 (0.2%),-
year == 2014.0983606557377,3 (0.3%),32 (0.2%),-
year == 2014.1010928961748,-,11 (0.1%),-
year == 2014.103825136612,1 (0.1%),7 (0.0%),-
year == 2014.1120218579235,-,16 (0.1%),-
year == 2014.1147540983607,-,11 (0.1%),-
year == 2014.1174863387978,1 (0.1%),12 (0.1%),-
year == 2014.120218579235,2 (0.2%),10 (0.0%),-
year == 2014.122950819672,-,4 (0.0%),-
year == 2014.1311475409836,2 (0.2%),23 (0.1%),-
year == 2014.1338797814208,1 (0.1%),27 (0.1%),-
year == 2014.136612021858,2 (0.2%),22 (0.1%),-
year == 2014.139344262295,1 (0.1%),12 (0.1%),-
year == 2014.1420765027322,1 (0.1%),3 (0.0%),-
year == 2014.1502732240438,2 (0.2%),32 (0.2%),-
year == 2014.1530054644809,2 (0.2%),41 (0.2%),-
year == 2014.155737704918,-,34 (0.2%),-
year == 2014.1584699453551,1 (0.1%),13 (0.1%),-
year == 2014.1612021857923,-,7 (0.0%),-
year == 2014.1693989071039,2 (0.2%),34 (0.2%),-
year == 2014.172131147541,2 (0.2%),39 (0.2%),-
year == 2014.1748633879781,6 (0.5%),23 (0.1%),-
year == 2014.1775956284152,1 (0.1%),13 (0.1%),-
year == 2014.1803278688524,1 (0.1%),2 (0.0%),-
year == 2014.188524590164,2 (0.2%),37 (0.2%),-
year == 2014.191256830601,2 (0.2%),38 (0.2%),-
year == 2014.1939890710382,-,31 (0.1%),-
year == 2014.1967213114754,2 (0.2%),12 (0.1%),-
year == 2014.1994535519125,-,8 (0.0%),-
year == 2014.207650273224,3 (0.3%),32 (0.2%),-
year == 2014.2103825136612,4 (0.3%),38 (0.2%),-
year == 2014.2131147540983,3 (0.3%),37 (0.2%),-
year == 2014.2158469945355,1 (0.1%),14 (0.1%),-
year == 2014.2185792349726,-,5 (0.0%),-
year == 2014.2267759562842,1 (0.1%),41 (0.2%),-
year == 2014.2295081967213,3 (0.3%),32 (0.2%),-
year == 2014.2322404371585,5 (0.4%),31 (0.1%),-
year == 2014.2349726775956,1 (0.1%),21 (0.1%),-
year == 2014.2377049180327,1 (0.1%),8 (0.0%),-
year == 2014.2459016393443,2 (0.2%),36 (0.2%),-
year == 2014.2486338797814,3 (0.3%),35 (0.2%),-
year == 2014.2513661202186,5 (0.4%),26 (0.1%),-
year == 2014.2540983606557,1 (0.1%),15 (0.1%),-
year == 2014.2568306010928,-,7 (0.0%),-
year == 2014.2650273224044,3 (0.3%),36 (0.2%),-
year == 2014.2677595628415,2 (0.2%),34 (0.2%),-
year == 2014.2704918032787,2 (0.2%),30 (0.1%),-
year == 2014.2732240437158,3 (0.3%),12 (0.1%),-
year == 2014.275956284153,1 (0.1%),6 (0.0%),-
year == 2014.2841530054645,1 (0.1%),6 (0.0%),-
year == 2014.2868852459017,-,7 (0.0%),-
year == 2014.3060109289618,1 (0.1%),34 (0.2%),-
year == 2014.308743169399,1 (0.1%),31 (0.1%),-
year == 2014.311475409836,2 (0.2%),14 (0.1%),-
year == 2014.3142076502731,-,9 (0.0%),-
year == 2014.3224043715848,3 (0.3%),24 (0.1%),-
year == 2014.3251366120219,5 (0.4%),35 (0.2%),-
year == 2014.327868852459,2 (0.2%),21 (0.1%),-
year == 2014.3333333333333,2 (0.2%),4 (0.0%),-
year == 2014.3415300546449,2 (0.2%),36 (0.2%),-
year == 2014.344262295082,1 (0.1%),28 (0.1%),-
year == 2014.3469945355191,4 (0.3%),29 (0.1%),-
year == 2014.3497267759562,1 (0.1%),16 (0.1%),-
year == 2014.3524590163934,-,3 (0.0%),-
year == 2014.360655737705,1 (0.1%),35 (0.2%),-
year == 2014.363387978142,1 (0.1%),31 (0.1%),-
year == 2014.3661202185792,3 (0.3%),24 (0.1%),-
year == 2014.3688524590164,2 (0.2%),16 (0.1%),-
year == 2014.379781420765,2 (0.2%),39 (0.2%),-
year == 2014.3825136612022,3 (0.3%),35 (0.2%),-
year == 2014.3852459016393,-,19 (0.1%),-
year == 2014.3879781420765,2 (0.2%),13 (0.1%),-
year == 2014.3907103825136,-,6 (0.0%),-
year == 2014.3989071038252,1 (0.1%),23 (0.1%),-
year == 2014.4016393442623,4 (0.3%),34 (0.2%),-
year == 2014.4043715846994,3 (0.3%),31 (0.1%),-
year == 2014.4180327868853,2 (0.2%),45 (0.2%),-
year == 2014.4207650273224,4 (0.3%),28 (0.1%),-
year == 2014.4234972677596,3 (0.3%),27 (0.1%),-
year == 2014.4262295081967,2 (0.2%),6 (0.0%),-
year == 2014.4289617486338,-,2 (0.0%),-
year == 2014.4398907103825,2 (0.2%),32 (0.2%),-
year == 2014.4426229508197,3 (0.3%),32 (0.2%),-
year == 2014.4453551912568,1 (0.1%),13 (0.1%),-
year == 2014.448087431694,-,7 (0.0%),-
year == 2014.4562841530055,2 (0.2%),33 (0.2%),-
year == 2014.4590163934427,1 (0.1%),40 (0.2%),-
year == 2014.4617486338798,3 (0.3%),27 (0.1%),-
year == 2014.464480874317,1 (0.1%),22 (0.1%),-
year == 2014.467213114754,-,8 (0.0%),-
year == 2014.4754098360656,1 (0.1%),40 (0.2%),-
year == 2014.4781420765028,-,28 (0.1%),-
year == 2014.48087431694,3 (0.3%),32 (0.2%),-
year == 2014.483606557377,-,14 (0.1%),-
year == 2014.4863387978141,-,5 (0.0%),-
year == 2014.4945355191257,2 (0.2%),23 (0.1%),-
year == 2014.4972677595629,-,20 (0.1%),-
year == 2014.5,-,17 (0.1%),-
year == 2014.5027322404371,-,8 (0.0%),-
year == 2014.5054644808743,-,6 (0.0%),-
year == 2014.5136612021859,-,11 (0.1%),-
year == 2014.516393442623,1 (0.1%),9 (0.0%),-
year == 2014.51912568306,-,12 (0.1%),-
year == 2014.5218579234972,2 (0.2%),4 (0.0%),-
year == 2014.5245901639344,-,1 (0.0%),-
year == 2014.532786885246,-,5 (0.0%),-
year == 2014.535519125683,-,11 (0.1%),-
year == 2014.5382513661202,-,10 (0.0%),-
year == 2014.5409836065573,-,5 (0.0%),-
year == 2014.551912568306,-,8 (0.0%),-
year == 2014.5546448087432,-,10 (0.0%),-
year == 2014.5573770491803,-,9 (0.0%),-
year == 2014.5601092896175,1 (0.1%),7 (0.0%),-
year == 2014.5628415300546,1 (0.1%),-,-
year == 2014.5710382513662,1 (0.1%),8 (0.0%),-
year == 2014.5737704918033,-,8 (0.0%),-
year == 2014.5765027322404,1 (0.1%),6 (0.0%),-
year == 2014.5792349726776,2 (0.2%),7 (0.0%),-
year == 2014.5819672131147,-,1 (0.0%),-
year == 2014.5901639344263,1 (0.1%),14 (0.1%),-
year == 2014.5928961748634,1 (0.1%),11 (0.1%),-
year == 2014.5956284153006,1 (0.1%),12 (0.1%),-
year == 2014.5983606557377,1 (0.1%),8 (0.0%),-
year == 2014.6010928961748,-,2 (0.0%),-
year == 2014.6092896174864,1 (0.1%),29 (0.1%),-
year == 2014.6120218579235,3 (0.3%),18 (0.1%),-
year == 2014.6147540983607,-,24 (0.1%),-
year == 2014.6174863387978,-,16 (0.1%),-
year == 2014.620218579235,-,3 (0.0%),-
year == 2014.6284153005465,1 (0.1%),47 (0.2%),-
year == 2014.6311475409836,1 (0.1%),32 (0.2%),-
year == 2014.6338797814208,3 (0.3%),36 (0.2%),-
year == 2014.636612021858,1 (0.1%),9 (0.0%),-
year == 2014.639344262295,1 (0.1%),7 (0.0%),-
year == 2014.6475409836066,3 (0.3%),43 (0.2%),-
year == 2014.6502732240438,2 (0.2%),29 (0.1%),-
year == 2014.6530054644809,1 (0.1%),35 (0.2%),-
year == 2014.655737704918,2 (0.2%),18 (0.1%),-
year == 2014.6584699453551,1 (0.1%),8 (0.0%),-
year == 2014.6666666666667,1 (0.1%),44 (0.2%),-
year == 2014.6693989071039,3 (0.3%),42 (0.2%),-
year == 2014.672131147541,1 (0.1%),35 (0.2%),-
year == 2014.6748633879781,1 (0.1%),14 (0.1%),-
year == 2014.6775956284152,-,10 (0.0%),-
year == 2014.6857923497269,2 (0.2%),47 (0.2%),-
year == 2014.688524590164,2 (0.2%),30 (0.1%),-
year == 2014.691256830601,5 (0.4%),34 (0.2%),-
year == 2014.6939890710382,1 (0.1%),20 (0.1%),-
year == 2014.6967213114754,-,7 (0.0%),-
year == 2014.704918032787,3 (0.3%),40 (0.2%),-
year == 2014.707650273224,2 (0.2%),33 (0.2%),-
year == 2014.7103825136612,2 (0.2%),23 (0.1%),-
year == 2014.7131147540983,-,17 (0.1%),-
year == 2014.7158469945355,-,7 (0.0%),-
year == 2014.724043715847,2 (0.2%),47 (0.2%),-
year == 2014.7267759562842,2 (0.2%),48 (0.2%),-
year == 2014.7295081967213,4 (0.3%),29 (0.1%),-
year == 2014.7322404371585,1 (0.1%),17 (0.1%),-
year == 2014.7349726775956,-,8 (0.0%),-
year == 2014.7431693989072,1 (0.1%),44 (0.2%),-
year == 2014.7459016393443,2 (0.2%),32 (0.2%),-
year == 2014.7486338797814,-,40 (0.2%),-
year == 2014.7513661202186,-,19 (0.1%),-
year == 2014.7540983606557,1 (0.1%),7 (0.0%),-
year == 2014.7622950819673,4 (0.3%),49 (0.2%),-
year == 2014.7650273224044,5 (0.4%),42 (0.2%),-
year == 2014.7677595628415,4 (0.3%),32 (0.2%),-
year == 2014.7704918032787,1 (0.1%),19 (0.1%),-
year == 2014.7732240437158,-,8 (0.0%),-
year == 2014.7814207650274,1 (0.1%),12 (0.1%),-
year == 2014.7841530054645,-,13 (0.1%),-
year == 2014.7868852459017,1 (0.1%),9 (0.0%),-
year == 2014.7896174863388,-,9 (0.0%),-
year == 2014.792349726776,-,3 (0.0%),-
year == 2014.8005464480875,3 (0.3%),48 (0.2%),-
year == 2014.8032786885246,2 (0.2%),42 (0.2%),-
year == 2014.8060109289618,2 (0.2%),12 (0.1%),-
year == 2014.808743169399,1 (0.1%),3 (0.0%),-
year == 2014.8196721311476,3 (0.3%),42 (0.2%),-
year == 2014.8224043715848,2 (0.2%),43 (0.2%),-
year == 2014.8251366120219,-,38 (0.2%),-
year == 2014.827868852459,1 (0.1%),9 (0.0%),-
year == 2014.8306010928961,-,8 (0.0%),-
year == 2014.8387978142077,4 (0.3%),49 (0.2%),-
year == 2014.8415300546449,3 (0.3%),38 (0.2%),-
year == 2014.844262295082,4 (0.3%),35 (0.2%),-
year == 2014.8469945355191,1 (0.1%),13 (0.1%),-
year == 2014.8497267759562,-,10 (0.0%),-
year == 2014.8579234972678,5 (0.4%),36 (0.2%),-
year == 2014.860655737705,-,37 (0.2%),-
year == 2014.863387978142,4 (0.3%),44 (0.2%),-
year == 2014.8661202185792,-,18 (0.1%),-
year == 2014.8688524590164,-,7 (0.0%),-
year == 2014.877049180328,1 (0.1%),51 (0.2%),-
year == 2014.879781420765,5 (0.4%),27 (0.1%),-
year == 2014.8825136612022,3 (0.3%),24 (0.1%),-
year == 2014.8852459016393,1 (0.1%),15 (0.1%),-
year == 2014.8879781420765,1 (0.1%),8 (0.0%),-
year == 2014.896174863388,1 (0.1%),51 (0.2%),-
year == 2014.8989071038252,1 (0.1%),46 (0.2%),-
year == 2014.9016393442623,3 (0.3%),33 (0.2%),-
year == 2014.9043715846994,1 (0.1%),9 (0.0%),-
year == 2014.9071038251366,-,7 (0.0%),-
year == 2014.9153005464482,4 (0.3%),43 (0.2%),-
year == 2014.9180327868853,2 (0.2%),33 (0.2%),-
year == 2014.9207650273224,1 (0.1%),33 (0.2%),-
year == 2014.9234972677596,1 (0.1%),11 (0.1%),-
year == 2014.9262295081967,-,2 (0.0%),-
year == 2014.9344262295083,2 (0.2%),33 (0.2%),-
year == 2014.9371584699454,2 (0.2%),35 (0.2%),-
year == 2014.9398907103825,1 (0.1%),29 (0.1%),-
year == 2014.9426229508197,1 (0.1%),8 (0.0%),-
year == 2014.9453551912568,-,5 (0.0%),-
year == 2014.9535519125684,1 (0.1%),31 (0.1%),-
year == 2014.9562841530055,-,32 (0.2%),-
year == 2014.9590163934427,-,31 (0.1%),-
year == 2014.9617486338798,1 (0.1%),19 (0.1%),-
year == 2014.964480874317,-,4 (0.0%),-
year == 2014.9726775956285,-,2 (0.0%),-
year == 2014.9918032786886,1 (0.1%),3 (0.0%),-
year == 2015.0136612021859,2 (0.2%),38 (0.2%),-
year == 2015.016393442623,3 (0.3%),34 (0.2%),-
year == 2015.01912568306,1 (0.1%),34 (0.2%),-
year == 2015.0218579234972,-,15 (0.1%),-
year == 2015.0245901639344,1 (0.1%),4 (0.0%),-
year == 2015.032786885246,4 (0.3%),48 (0.2%),-
year == 2015.035519125683,3 (0.3%),39 (0.2%),-
year == 2015.0382513661202,3 (0.3%),32 (0.2%),-
year == 2015.0409836065573,1 (0.1%),20 (0.1%),-
year == 2015.0437158469945,-,5 (0.0%),-
year == 2015.051912568306,2 (0.2%),43 (0.2%),-
year == 2015.0546448087432,1 (0.1%),30 (0.1%),-
year == 2015.0573770491803,4 (0.3%),31 (0.1%),-
year == 2015.0601092896175,1 (0.1%),11 (0.1%),-
year == 2015.0628415300546,-,5 (0.0%),-
year == 2015.0710382513662,2 (0.2%),42 (0.2%),-
year == 2015.0737704918033,7 (0.6%),36 (0.2%),-
year == 2015.0765027322404,3 (0.3%),34 (0.2%),-
year == 2015.0792349726776,-,17 (0.1%),-
year == 2015.0819672131147,2 (0.2%),4 (0.0%),-
year == 2015.0901639344263,3 (0.3%),39 (0.2%),-
year == 2015.0928961748634,4 (0.3%),37 (0.2%),-
year == 2015.0956284153006,2 (0.2%),38 (0.2%),-
year == 2015.0983606557377,-,19 (0.1%),-
year == 2015.1010928961748,1 (0.1%),5 (0.0%),-
year == 2015.1092896174864,1 (0.1%),16 (0.1%),-
year == 2015.1120218579235,-,15 (0.1%),-
year == 2015.1147540983607,1 (0.1%),9 (0.0%),-
year == 2015.1174863387978,-,10 (0.0%),-
year == 2015.120218579235,-,3 (0.0%),-
year == 2015.1284153005465,-,28 (0.1%),-
year == 2015.1311475409836,1 (0.1%),27 (0.1%),-
year == 2015.1338797814208,-,25 (0.1%),-
year == 2015.136612021858,1 (0.1%),7 (0.0%),-
year == 2015.139344262295,-,5 (0.0%),-
year == 2015.1475409836066,3 (0.3%),32 (0.2%),-
year == 2015.1502732240438,2 (0.2%),31 (0.1%),-
year == 2015.1530054644809,5 (0.4%),26 (0.1%),-
year == 2015.155737704918,2 (0.2%),18 (0.1%),-
year == 2015.1584699453551,1 (0.1%),8 (0.0%),-
year == 2015.1666666666667,3 (0.3%),39 (0.2%),-
year == 2015.1693989071039,2 (0.2%),32 (0.2%),-
year == 2015.172131147541,2 (0.2%),34 (0.2%),-
year == 2015.1748633879781,-,13 (0.1%),-
year == 2015.1775956284152,-,6 (0.0%),-
year == 2015.1857923497269,5 (0.4%),40 (0.2%),-
year == 2015.188524590164,1 (0.1%),38 (0.2%),-
year == 2015.191256830601,2 (0.2%),29 (0.1%),-
year == 2015.1939890710382,-,17 (0.1%),-
year == 2015.1967213114754,1 (0.1%),9 (0.0%),-
year == 2015.204918032787,4 (0.3%),35 (0.2%),-
year == 2015.207650273224,1 (0.1%),36 (0.2%),-
year == 2015.2103825136612,4 (0.3%),26 (0.1%),-
year == 2015.2131147540983,1 (0.1%),11 (0.1%),-
year == 2015.2158469945355,-,6 (0.0%),-
year == 2015.224043715847,-,34 (0.2%),-
year == 2015.2267759562842,2 (0.2%),25 (0.1%),-
year == 2015.2295081967213,3 (0.3%),24 (0.1%),-
year == 2015.2322404371585,3 (0.3%),14 (0.1%),-
year == 2015.2349726775956,-,8 (0.0%),-
year == 2015.2431693989072,1 (0.1%),4 (0.0%),-
year == 2015.2459016393443,-,5 (0.0%),-
year == 2015.2486338797814,-,1 (0.0%),-
year == 2015.2650273224044,3 (0.3%),37 (0.2%),-
year == 2015.2677595628415,1 (0.1%),33 (0.2%),-
year == 2015.2704918032787,-,14 (0.1%),-
year == 2015.2732240437158,-,6 (0.0%),-
year == 2015.2814207650274,3 (0.3%),38 (0.2%),-
year == 2015.2841530054645,-,37 (0.2%),-
year == 2015.2868852459017,4 (0.3%),34 (0.2%),-
year == 2015.2896174863388,1 (0.1%),16 (0.1%),-
year == 2015.292349726776,-,8 (0.0%),-
year == 2015.3005464480875,3 (0.3%),37 (0.2%),-
year == 2015.3032786885246,5 (0.4%),36 (0.2%),-
year == 2015.3060109289618,1 (0.1%),25 (0.1%),-
year == 2015.308743169399,3 (0.3%),11 (0.1%),-
year == 2015.311475409836,-,12 (0.1%),-
year == 2015.3196721311476,3 (0.3%),34 (0.2%),-
year == 2015.3224043715848,3 (0.3%),31 (0.1%),-
year == 2015.3251366120219,2 (0.2%),27 (0.1%),-
year == 2015.327868852459,1 (0.1%),12 (0.1%),-
year == 2015.3387978142077,1 (0.1%),39 (0.2%),-
year == 2015.3415300546449,2 (0.2%),37 (0.2%),-
year == 2015.344262295082,-,30 (0.1%),-
year == 2015.3469945355191,1 (0.1%),18 (0.1%),-
year == 2015.3497267759562,1 (0.1%),7 (0.0%),-
year == 2015.3579234972678,2 (0.2%),33 (0.2%),-
year == 2015.360655737705,4 (0.3%),38 (0.2%),-
year == 2015.363387978142,4 (0.3%),31 (0.1%),-
year == 2015.377049180328,4 (0.3%),26 (0.1%),-
year == 2015.379781420765,-,35 (0.2%),-
year == 2015.3825136612022,-,24 (0.1%),-
year == 2015.3852459016393,-,16 (0.1%),-
year == 2015.3879781420765,-,11 (0.1%),-
year == 2015.3989071038252,5 (0.4%),32 (0.2%),-
year == 2015.4016393442623,6 (0.5%),22 (0.1%),-
year == 2015.4043715846994,-,12 (0.1%),-
year == 2015.4071038251366,-,5 (0.0%),-
year == 2015.4153005464482,-,41 (0.2%),-
year == 2015.4180327868853,4 (0.3%),27 (0.1%),-
year == 2015.4207650273224,1 (0.1%),27 (0.1%),-
year == 2015.4234972677596,-,19 (0.1%),-
year == 2015.4262295081967,1 (0.1%),4 (0.0%),-
year == 2015.4344262295083,2 (0.2%),42 (0.2%),-
year == 2015.4371584699454,5 (0.4%),39 (0.2%),-
year == 2015.4398907103825,2 (0.2%),30 (0.1%),-
year == 2015.4426229508197,1 (0.1%),15 (0.1%),-
year == 2015.4453551912568,-,10 (0.0%),-
year == 2015.4535519125684,-,27 (0.1%),-
year == 2015.4562841530055,2 (0.2%),39 (0.2%),-
year == 2015.4590163934427,4 (0.3%),27 (0.1%),-
year == 2015.4617486338798,1 (0.1%),19 (0.1%),-
year == 2015.464480874317,-,11 (0.1%),-
year == 2015.4726775956285,-,39 (0.2%),-
year == 2015.4754098360656,2 (0.2%),30 (0.1%),-
year == 2015.4781420765028,1 (0.1%),31 (0.1%),-
year == 2015.48087431694,-,12 (0.1%),-
year == 2015.483606557377,-,2 (0.0%),-
year == 2015.4918032786886,1 (0.1%),15 (0.1%),-
year == 2015.4945355191257,1 (0.1%),13 (0.1%),-
year == 2015.4972677595629,2 (0.2%),15 (0.1%),-
year == 2015.5,1 (0.1%),9 (0.0%),-
year == 2015.5027322404371,-,3 (0.0%),-
year == 2015.5109289617487,1 (0.1%),9 (0.0%),-
year == 2015.5136612021859,2 (0.2%),10 (0.0%),-
year == 2015.516393442623,-,12 (0.1%),-
year == 2015.51912568306,-,5 (0.0%),-
year == 2015.5300546448088,-,3 (0.0%),-
year == 2015.532786885246,-,12 (0.1%),-
year == 2015.535519125683,1 (0.1%),6 (0.0%),-
year == 2015.5382513661202,-,7 (0.0%),-
year == 2015.5409836065573,-,2 (0.0%),-
year == 2015.549180327869,-,8 (0.0%),-
year == 2015.551912568306,1 (0.1%),8 (0.0%),-
year == 2015.5546448087432,-,7 (0.0%),-
year == 2015.5573770491803,1 (0.1%),5 (0.0%),-
year == 2015.568306010929,-,5 (0.0%),-
year == 2015.5710382513662,-,9 (0.0%),-
year == 2015.5737704918033,-,7 (0.0%),-
year == 2015.5765027322404,1 (0.1%),4 (0.0%),-
year == 2015.5874316939892,1 (0.1%),11 (0.1%),-
year == 2015.5901639344263,-,17 (0.1%),-
year == 2015.5928961748634,1 (0.1%),13 (0.1%),-
year == 2015.5956284153006,1 (0.1%),3 (0.0%),-
year == 2015.5983606557377,-,1 (0.0%),-
year == 2015.6065573770493,2 (0.2%),21 (0.1%),-
year == 2015.6092896174864,-,26 (0.1%),-
year == 2015.6120218579235,2 (0.2%),23 (0.1%),-
year == 2015.6147540983607,1 (0.1%),14 (0.1%),-
year == 2015.6174863387978,-,6 (0.0%),-
year == 2015.6256830601094,2 (0.2%),34 (0.2%),-
year == 2015.6284153005465,1 (0.1%),45 (0.2%),-
year == 2015.6311475409836,1 (0.1%),34 (0.2%),-
year == 2015.6338797814208,1 (0.1%),9 (0.0%),-
year == 2015.636612021858,-,6 (0.0%),-
year == 2015.6448087431695,2 (0.2%),34 (0.2%),-
year == 2015.6475409836066,3 (0.3%),44 (0.2%),-
year == 2015.6502732240438,3 (0.3%),30 (0.1%),-
year == 2015.6530054644809,2 (0.2%),15 (0.1%),-
year == 2015.655737704918,1 (0.1%),10 (0.0%),-
year == 2015.6639344262296,1 (0.1%),35 (0.2%),-
year == 2015.6666666666667,1 (0.1%),36 (0.2%),-
year == 2015.6693989071039,1 (0.1%),33 (0.2%),-
year == 2015.672131147541,1 (0.1%),15 (0.1%),-
year == 2015.6748633879781,-,9 (0.0%),-
year == 2015.6830601092897,1 (0.1%),33 (0.2%),-
year == 2015.6857923497269,2 (0.2%),48 (0.2%),-
year == 2015.688524590164,-,33 (0.2%),-
year == 2015.691256830601,2 (0.2%),14 (0.1%),-
year == 2015.6939890710382,-,9 (0.0%),-
year == 2015.7021857923498,2 (0.2%),40 (0.2%),-
year == 2015.704918032787,1 (0.1%),38 (0.2%),-
year == 2015.707650273224,1 (0.1%),36 (0.2%),-
year == 2015.7103825136612,1 (0.1%),13 (0.1%),-
year == 2015.7131147540983,2 (0.2%),7 (0.0%),-
year == 2015.72131147541,1 (0.1%),42 (0.2%),-
year == 2015.724043715847,5 (0.4%),41 (0.2%),-
year == 2015.7267759562842,2 (0.2%),31 (0.1%),-
year == 2015.7295081967213,-,20 (0.1%),-
year == 2015.7322404371585,1 (0.1%),8 (0.0%),-
year == 2015.74043715847,1 (0.1%),32 (0.2%),-
year == 2015.7431693989072,6 (0.5%),42 (0.2%),-
year == 2015.7459016393443,5 (0.4%),30 (0.1%),-
year == 2015.7486338797814,-,14 (0.1%),-
year == 2015.7513661202186,1 (0.1%),10 (0.0%),-
year == 2015.75956284153,1 (0.1%),36 (0.2%),-
year == 2015.7622950819673,2 (0.2%),41 (0.2%),-
year == 2015.7650273224044,1 (0.1%),29 (0.1%),-
year == 2015.7677595628415,1 (0.1%),11 (0.1%),-
year == 2015.7704918032787,1 (0.1%),9 (0.0%),-
year == 2015.77868852459,1 (0.1%),12 (0.1%),-
year == 2015.7814207650274,2 (0.2%),13 (0.1%),-
year == 2015.7841530054645,1 (0.1%),15 (0.1%),-
year == 2015.7868852459017,-,7 (0.0%),-
year == 2015.7896174863388,1 (0.1%),5 (0.0%),-
year == 2015.7978142076502,-,34 (0.2%),-
year == 2015.8005464480875,4 (0.3%),40 (0.2%),-
year == 2015.8032786885246,-,11 (0.1%),-
year == 2015.8060109289618,-,7 (0.0%),-
year == 2015.808743169399,-,4 (0.0%),-
year == 2015.8169398907103,2 (0.2%),42 (0.2%),-
year == 2015.8196721311476,1 (0.1%),42 (0.2%),-
year == 2015.8224043715848,2 (0.2%),39 (0.2%),-
year == 2015.8251366120219,1 (0.1%),17 (0.1%),-
year == 2015.827868852459,1 (0.1%),11 (0.1%),-
year == 2015.8360655737704,2 (0.2%),51 (0.2%),-
year == 2015.8387978142077,3 (0.3%),48 (0.2%),-
year == 2015.8415300546449,3 (0.3%),37 (0.2%),-
year == 2015.844262295082,1 (0.1%),23 (0.1%),-
year == 2015.8469945355191,1 (0.1%),9 (0.0%),-
year == 2015.8551912568305,2 (0.2%),45 (0.2%),-
year == 2015.8579234972678,4 (0.3%),45 (0.2%),-
year == 2015.860655737705,-,36 (0.2%),-
year == 2015.863387978142,2 (0.2%),16 (0.1%),-
year == 2015.8661202185792,-,11 (0.1%),-
year == 2015.8743169398906,-,50 (0.2%),-
year == 2015.877049180328,1 (0.1%),43 (0.2%),-
year == 2015.879781420765,1 (0.1%),39 (0.2%),-
year == 2015.8825136612022,2 (0.2%),18 (0.1%),-
year == 2015.8852459016393,-,10 (0.0%),-
year == 2015.8934426229507,3 (0.3%),37 (0.2%),-
year == 2015.896174863388,1 (0.1%),49 (0.2%),-
year == 2015.8989071038252,3 (0.3%),33 (0.2%),-
year == 2015.9016393442623,-,21 (0.1%),-
year == 2015.9043715846994,-,11 (0.1%),-
year == 2015.9125683060108,-,41 (0.2%),-
year == 2015.9153005464482,3 (0.3%),44 (0.2%),-
year == 2015.9180327868853,4 (0.3%),36 (0.2%),-
year == 2015.9207650273224,2 (0.2%),20 (0.1%),-
year == 2015.9234972677596,-,7 (0.0%),-
year == 2015.931693989071,3 (0.3%),39 (0.2%),-
year == 2015.9344262295083,1 (0.1%),54 (0.3%),-
year == 2015.9371584699454,2 (0.2%),30 (0.1%),-
year == 2015.9398907103825,2 (0.2%),18 (0.1%),-
year == 2015.9426229508197,-,9 (0.0%),-
year == 2015.950819672131,1 (0.1%),29 (0.1%),-
year == 2015.9535519125684,2 (0.2%),36 (0.2%),-
year == 2015.9562841530055,3 (0.3%),28 (0.1%),-
year == 2015.9590163934427,1 (0.1%),17 (0.1%),-
year == 2015.9617486338798,-,6 (0.0%),-
year == 2015.9699453551912,1 (0.1%),4 (0.0%),-
year == 2015.9726775956285,-,5 (0.0%),-
year == 2015.9890710382513,-,4 (0.0%),-
year == 2015.9918032786886,-,4 (0.0%),-
year == 2015.9945355191257,-,1 (0.0%),-
year == 2016.0109289617487,-,39 (0.2%),-
year == 2016.0136612021859,-,46 (0.2%),-
year == 2016.016393442623,-,32 (0.2%),-
year == 2016.01912568306,2 (0.2%),22 (0.1%),-
year == 2016.0218579234972,-,14 (0.1%),-
year == 2016.0300546448088,3 (0.3%),42 (0.2%),-
year == 2016.032786885246,3 (0.3%),42 (0.2%),-
year == 2016.035519125683,4 (0.3%),30 (0.1%),-
year == 2016.0382513661202,1 (0.1%),17 (0.1%),-
year == 2016.0409836065573,-,7 (0.0%),-
year == 2016.049180327869,1 (0.1%),40 (0.2%),-
year == 2016.051912568306,2 (0.2%),45 (0.2%),-
year == 2016.0546448087432,4 (0.3%),35 (0.2%),-
year == 2016.0573770491803,-,24 (0.1%),-
year == 2016.0601092896175,1 (0.1%),6 (0.0%),-
year == 2016.068306010929,1 (0.1%),43 (0.2%),-
year == 2016.0710382513662,2 (0.2%),42 (0.2%),-
year == 2016.0737704918033,3 (0.3%),40 (0.2%),-
year == 2016.0765027322404,1 (0.1%),19 (0.1%),-
year == 2016.0792349726776,-,6 (0.0%),-
year == 2016.0874316939892,2 (0.2%),39 (0.2%),-
year == 2016.0901639344263,4 (0.3%),47 (0.2%),-
year == 2016.0928961748634,3 (0.3%),40 (0.2%),-
year == 2016.0956284153006,1 (0.1%),19 (0.1%),-
year == 2016.0983606557377,-,10 (0.0%),-
year == 2016.1065573770493,2 (0.2%),40 (0.2%),-
year == 2016.1092896174864,2 (0.2%),49 (0.2%),-
year == 2016.1120218579235,-,32 (0.2%),-
year == 2016.1147540983607,-,18 (0.1%),-
year == 2016.1174863387978,1 (0.1%),7 (0.0%),-
year == 2016.1256830601094,1 (0.1%),22 (0.1%),-
year == 2016.1284153005465,-,8 (0.0%),-
year == 2016.1311475409836,-,17 (0.1%),-
year == 2016.1338797814208,-,8 (0.0%),-
year == 2016.136612021858,1 (0.1%),7 (0.0%),-
year == 2016.1448087431695,2 (0.2%),34 (0.2%),-
year == 2016.1475409836066,1 (0.1%),42 (0.2%),-
year == 2016.1502732240438,-,17 (0.1%),-
year == 2016.1530054644809,-,12 (0.1%),-
year == 2016.155737704918,1 (0.1%),10 (0.0%),-
year == 2016.1639344262296,2 (0.2%),39 (0.2%),-
year == 2016.1666666666667,4 (0.3%),41 (0.2%),-
year == 2016.1693989071039,4 (0.3%),38 (0.2%),-
year == 2016.172131147541,-,19 (0.1%),-
year == 2016.1748633879781,-,9 (0.0%),-
year == 2016.1830601092897,1 (0.1%),44 (0.2%),-
year == 2016.1857923497269,-,53 (0.3%),-
year == 2016.188524590164,1 (0.1%),37 (0.2%),-
year == 2016.191256830601,1 (0.1%),18 (0.1%),-
year == 2016.1939890710382,-,18 (0.1%),-
year == 2016.2021857923498,-,48 (0.2%),-
year == 2016.204918032787,-,53 (0.3%),-
year == 2016.207650273224,2 (0.2%),36 (0.2%),-
year == 2016.2103825136612,-,21 (0.1%),-
year == 2016.2131147540983,-,11 (0.1%),-
year == 2016.22131147541,-,12 (0.1%),-
year == 2016.224043715847,-,3 (0.0%),-
year == 2016.2267759562842,-,2 (0.0%),-
year == 2016.2431693989072,3 (0.3%),32 (0.2%),-
year == 2016.2459016393443,3 (0.3%),37 (0.2%),-
year == 2016.2486338797814,2 (0.2%),20 (0.1%),-
year == 2016.2513661202186,-,16 (0.1%),-
year == 2016.25956284153,3 (0.3%),33 (0.2%),-
year == 2016.2622950819673,1 (0.1%),45 (0.2%),-
year == 2016.2650273224044,1 (0.1%),30 (0.1%),-
year == 2016.2677595628415,1 (0.1%),16 (0.1%),-
year == 2016.2704918032787,-,15 (0.1%),-
year == 2016.27868852459,1 (0.1%),42 (0.2%),-
year == 2016.2814207650274,3 (0.3%),52 (0.2%),-
year == 2016.2841530054645,1 (0.1%),25 (0.1%),-
year == 2016.2868852459017,1 (0.1%),15 (0.1%),-
year == 2016.2896174863388,-,8 (0.0%),-
year == 2016.2978142076502,1 (0.1%),42 (0.2%),-
year == 2016.3005464480875,2 (0.2%),38 (0.2%),-
year == 2016.3032786885246,2 (0.2%),25 (0.1%),-
year == 2016.3060109289618,-,17 (0.1%),-
year == 2016.3169398907103,1 (0.1%),32 (0.2%),-
year == 2016.3196721311476,3 (0.3%),33 (0.2%),-
year == 2016.3224043715848,2 (0.2%),31 (0.1%),-
year == 2016.3251366120219,1 (0.1%),16 (0.1%),-
year == 2016.327868852459,-,13 (0.1%),-
year == 2016.3360655737704,1 (0.1%),44 (0.2%),-
year == 2016.3387978142077,2 (0.2%),36 (0.2%),-
year == 2016.3415300546449,1 (0.1%),24 (0.1%),-
year == 2016.3551912568305,2 (0.2%),34 (0.2%),-
year == 2016.3579234972678,6 (0.5%),31 (0.1%),-
year == 2016.360655737705,-,38 (0.2%),-
year == 2016.363387978142,1 (0.1%),15 (0.1%),-
year == 2016.3661202185792,-,10 (0.0%),-
year == 2016.377049180328,1 (0.1%),45 (0.2%),-
year == 2016.379781420765,1 (0.1%),31 (0.1%),-
year == 2016.3825136612022,2 (0.2%),9 (0.0%),-
year == 2016.3852459016393,-,13 (0.1%),-
year == 2016.3934426229507,2 (0.2%),33 (0.2%),-
year == 2016.396174863388,2 (0.2%),40 (0.2%),-
year == 2016.3989071038252,3 (0.3%),18 (0.1%),-
year == 2016.4016393442623,-,15 (0.1%),-
year == 2016.4043715846994,1 (0.1%),13 (0.1%),-
year == 2016.4125683060108,1 (0.1%),38 (0.2%),-
year == 2016.4153005464482,1 (0.1%),38 (0.2%),-
year == 2016.4180327868853,1 (0.1%),21 (0.1%),-
year == 2016.4207650273224,-,13 (0.1%),-
year == 2016.4234972677596,-,7 (0.0%),-
year == 2016.431693989071,4 (0.3%),42 (0.2%),-
year == 2016.4344262295083,3 (0.3%),40 (0.2%),-
year == 2016.4371584699454,1 (0.1%),18 (0.1%),-
year == 2016.4398907103825,2 (0.2%),19 (0.1%),-
year == 2016.4426229508197,-,12 (0.1%),-
year == 2016.450819672131,1 (0.1%),37 (0.2%),-
year == 2016.4535519125684,2 (0.2%),45 (0.2%),-
year == 2016.4562841530055,-,23 (0.1%),-
year == 2016.4590163934427,1 (0.1%),16 (0.1%),-
year == 2016.4617486338798,-,16 (0.1%),-
year == 2016.4699453551912,1 (0.1%),43 (0.2%),-
year == 2016.4726775956285,3 (0.3%),38 (0.2%),-
year == 2016.4754098360656,3 (0.3%),24 (0.1%),-
year == 2016.4781420765028,-,16 (0.1%),-
year == 2016.48087431694,-,10 (0.0%),-
year == 2016.4890710382513,2 (0.2%),30 (0.1%),-
year == 2016.4918032786886,4 (0.3%),21 (0.1%),-
year == 2016.4945355191257,-,18 (0.1%),-
year == 2016.4972677595629,-,12 (0.1%),-
year == 2016.5,-,2 (0.0%),-
year == 2016.5081967213114,1 (0.1%),14 (0.1%),-
year == 2016.5109289617487,1 (0.1%),19 (0.1%),-
year == 2016.5136612021859,-,24 (0.1%),-
year == 2016.516393442623,2 (0.2%),8 (0.0%),-
year == 2016.51912568306,-,4 (0.0%),-
year == 2016.5273224043715,-,14 (0.1%),-
year == 2016.5300546448088,1 (0.1%),11 (0.1%),-
year == 2016.532786885246,-,9 (0.0%),-
year == 2016.535519125683,-,3 (0.0%),-
year == 2016.5382513661202,-,3 (0.0%),-
year == 2016.5464480874316,-,5 (0.0%),-
year == 2016.549180327869,-,7 (0.0%),-
year == 2016.551912568306,-,11 (0.1%),-
year == 2016.5546448087432,-,7 (0.0%),-
year == 2016.5573770491803,-,2 (0.0%),-
year == 2016.5655737704917,-,5 (0.0%),-
year == 2016.568306010929,3 (0.3%),12 (0.1%),-
year == 2016.5710382513662,1 (0.1%),6 (0.0%),-
year == 2016.5737704918033,1 (0.1%),4 (0.0%),-
year == 2016.5765027322404,-,2 (0.0%),-
year == 2016.5846994535518,-,11 (0.1%),-
year == 2016.5874316939892,1 (0.1%),11 (0.1%),-
year == 2016.5901639344263,-,9 (0.0%),-
year == 2016.5928961748634,1 (0.1%),7 (0.0%),-
year == 2016.5956284153006,-,3 (0.0%),-
year == 2016.603825136612,1 (0.1%),13 (0.1%),-
year == 2016.6065573770493,1 (0.1%),15 (0.1%),-
year == 2016.6092896174864,-,15 (0.1%),-
year == 2016.6120218579235,-,9 (0.0%),-
year == 2016.6147540983607,1 (0.1%),5 (0.0%),-
year == 2016.622950819672,3 (0.3%),38 (0.2%),-
year == 2016.6256830601094,2 (0.2%),29 (0.1%),-
year == 2016.6284153005465,1 (0.1%),32 (0.2%),-
year == 2016.6311475409836,1 (0.1%),23 (0.1%),-
year == 2016.6338797814208,-,12 (0.1%),-
year == 2016.6420765027322,2 (0.2%),34 (0.2%),-
year == 2016.6448087431695,3 (0.3%),38 (0.2%),-
year == 2016.6475409836066,4 (0.3%),31 (0.1%),-
year == 2016.6502732240438,-,20 (0.1%),-
year == 2016.6530054644809,2 (0.2%),12 (0.1%),-
year == 2016.6612021857923,5 (0.4%),40 (0.2%),-
year == 2016.6639344262296,2 (0.2%),44 (0.2%),-
year == 2016.6666666666667,1 (0.1%),40 (0.2%),-
year == 2016.6693989071039,1 (0.1%),24 (0.1%),-
year == 2016.672131147541,-,9 (0.0%),-
year == 2016.6803278688524,1 (0.1%),34 (0.2%),-
year == 2016.6830601092897,3 (0.3%),48 (0.2%),-
year == 2016.6857923497269,4 (0.3%),28 (0.1%),-
year == 2016.688524590164,-,15 (0.1%),-
year == 2016.691256830601,2 (0.2%),10 (0.0%),-
year == 2016.6994535519125,-,49 (0.2%),-
year == 2016.7021857923498,3 (0.3%),47 (0.2%),-
year == 2016.704918032787,2 (0.2%),43 (0.2%),-
year == 2016.707650273224,-,20 (0.1%),-
year == 2016.7103825136612,-,14 (0.1%),-
year == 2016.7185792349726,2 (0.2%),45 (0.2%),-
year == 2016.72131147541,3 (0.3%),43 (0.2%),-
year == 2016.724043715847,1 (0.1%),28 (0.1%),-
year == 2016.7267759562842,1 (0.1%),19 (0.1%),-
year == 2016.7295081967213,-,11 (0.1%),-
year == 2016.7377049180327,3 (0.3%),50 (0.2%),-
year == 2016.74043715847,2 (0.2%),41 (0.2%),-
year == 2016.7431693989072,1 (0.1%),41 (0.2%),-
year == 2016.7459016393443,3 (0.3%),23 (0.1%),-
year == 2016.7486338797814,-,9 (0.0%),-
year == 2016.7568306010928,1 (0.1%),47 (0.2%),-
year == 2016.75956284153,3 (0.3%),38 (0.2%),-
year == 2016.7622950819673,-,34 (0.2%),-
year == 2016.7650273224044,2 (0.2%),19 (0.1%),-
year == 2016.7677595628415,-,11 (0.1%),-
year == 2016.775956284153,1 (0.1%),33 (0.2%),-
year == 2016.77868852459,2 (0.2%),48 (0.2%),-
year == 2016.7814207650274,3 (0.3%),29 (0.1%),-
year == 2016.7841530054645,1 (0.1%),20 (0.1%),-
year == 2016.7868852459017,-,8 (0.0%),-
year == 2016.795081967213,2 (0.2%),13 (0.1%),-
year == 2016.7978142076502,2 (0.2%),11 (0.1%),-
year == 2016.8005464480875,-,15 (0.1%),-
year == 2016.8032786885246,1 (0.1%),6 (0.0%),-
year == 2016.8060109289618,2 (0.2%),2 (0.0%),-
year == 2016.8142076502731,3 (0.3%),44 (0.2%),-
year == 2016.8169398907103,2 (0.2%),43 (0.2%),-
year == 2016.8196721311476,-,20 (0.1%),-
year == 2016.8224043715848,-,15 (0.1%),-
year == 2016.8251366120219,-,2 (0.0%),-
year == 2016.8333333333333,3 (0.3%),47 (0.2%),-
year == 2016.8360655737704,2 (0.2%),55 (0.3%),-
year == 2016.8387978142077,1 (0.1%),42 (0.2%),-
year == 2016.8415300546449,-,20 (0.1%),-
year == 2016.844262295082,1 (0.1%),9 (0.0%),-
year == 2016.8524590163934,1 (0.1%),44 (0.2%),-
year == 2016.8551912568305,2 (0.2%),44 (0.2%),-
year == 2016.8579234972678,4 (0.3%),38 (0.2%),-
year == 2016.860655737705,1 (0.1%),28 (0.1%),-
year == 2016.863387978142,1 (0.1%),10 (0.0%),-
year == 2016.8715846994535,2 (0.2%),51 (0.2%),-
year == 2016.8743169398906,2 (0.2%),50 (0.2%),-
year == 2016.877049180328,-,37 (0.2%),-
year == 2016.879781420765,2 (0.2%),26 (0.1%),-
year == 2016.8825136612022,-,9 (0.0%),-
year == 2016.8907103825136,3 (0.3%),41 (0.2%),-
year == 2016.8934426229507,3 (0.3%),38 (0.2%),-
year == 2016.896174863388,5 (0.4%),41 (0.2%),-
year == 2016.8989071038252,1 (0.1%),23 (0.1%),-
year == 2016.9016393442623,-,11 (0.1%),-
year == 2016.9098360655737,3 (0.3%),41 (0.2%),-
year == 2016.9125683060108,1 (0.1%),46 (0.2%),-
year == 2016.9153005464482,-,40 (0.2%),-
year == 2016.9180327868853,-,18 (0.1%),-
year == 2016.9207650273224,-,7 (0.0%),-
year == 2016.9289617486338,2 (0.2%),55 (0.3%),-
year == 2016.931693989071,-,42 (0.2%),-
year == 2016.9344262295083,-,47 (0.2%),-
year == 2016.9371584699454,1 (0.1%),23 (0.1%),-
year == 2016.9398907103825,-,10 (0.0%),-
year == 2016.948087431694,3 (0.3%),53 (0.3%),-
year == 2016.950819672131,-,45 (0.2%),-
year == 2016.9535519125684,2 (0.2%),34 (0.2%),-
year == 2016.9562841530055,2 (0.2%),17 (0.1%),-
year == 2016.9590163934427,1 (0.1%),10 (0.0%),-
year == 2016.967213114754,4 (0.3%),36 (0.2%),-
year == 2016.9699453551912,-,41 (0.2%),-
year == 2016.9726775956285,-,16 (0.1%),-
year == 2016.9754098360656,-,4 (0.0%),-
year == 2016.9890710382513,-,8 (0.0%),-
year == 2016.9918032786886,-,4 (0.0%),-
year == 2016.9945355191257,-,6 (0.0%),-
year == 2017.0054644808743,3 (0.3%),43 (0.2%),-
year == 2017.0081967213114,1 (0.1%),45 (0.2%),-
year == 2017.0109289617487,2 (0.2%),36 (0.2%),-
year == 2017.0136612021859,1 (0.1%),25 (0.1%),-
year == 2017.016393442623,1 (0.1%),9 (0.0%),-
year == 2017.0245901639344,2 (0.2%),54 (0.3%),-
year == 2017.0273224043715,3 (0.3%),43 (0.2%),-
year == 2017.0300546448088,-,37 (0.2%),-
year == 2017.032786885246,3 (0.3%),26 (0.1%),-
year == 2017.035519125683,1 (0.1%),9 (0.0%),-
year == 2017.0437158469945,1 (0.1%),53 (0.3%),-
year == 2017.0464480874316,3 (0.3%),49 (0.2%),-
year == 2017.049180327869,3 (0.3%),31 (0.1%),-
year == 2017.051912568306,1 (0.1%),25 (0.1%),-
year == 2017.0546448087432,-,10 (0.0%),-
year == 2017.0628415300546,1 (0.1%),55 (0.3%),-
year == 2017.0655737704917,1 (0.1%),49 (0.2%),-
year == 2017.068306010929,2 (0.2%),32 (0.2%),-
year == 2017.0710382513662,1 (0.1%),26 (0.1%),-
year == 2017.0737704918033,2 (0.2%),7 (0.0%),-
year == 2017.0819672131147,-,46 (0.2%),-
year == 2017.0846994535518,-,53 (0.3%),-
year == 2017.0874316939892,4 (0.3%),29 (0.1%),-
year == 2017.0901639344263,2 (0.2%),22 (0.1%),-
year == 2017.0928961748634,-,10 (0.0%),-
year == 2017.1010928961748,-,48 (0.2%),-
year == 2017.103825136612,-,54 (0.3%),-
year == 2017.1065573770493,1 (0.1%),47 (0.2%),-
year == 2017.1092896174864,-,25 (0.1%),-
year == 2017.1120218579235,-,12 (0.1%),-
year == 2017.120218579235,-,27 (0.1%),-
year == 2017.122950819672,2 (0.2%),14 (0.1%),-
year == 2017.1256830601094,1 (0.1%),20 (0.1%),-
year == 2017.1284153005465,4 (0.3%),12 (0.1%),-
year == 2017.1311475409836,-,6 (0.0%),-
year == 2017.139344262295,1 (0.1%),29 (0.1%),-
year == 2017.1420765027322,3 (0.3%),35 (0.2%),-
year == 2017.1448087431695,2 (0.2%),23 (0.1%),-
year == 2017.1475409836066,1 (0.1%),14 (0.1%),-
year == 2017.1502732240438,1 (0.1%),6 (0.0%),-
year == 2017.1584699453551,5 (0.4%),49 (0.2%),-
year == 2017.1612021857923,2 (0.2%),53 (0.3%),-
year == 2017.1639344262296,4 (0.3%),29 (0.1%),-
year == 2017.1666666666667,-,30 (0.1%),-
year == 2017.1693989071039,-,10 (0.0%),-
year == 2017.1775956284152,1 (0.1%),37 (0.2%),-
year == 2017.1803278688524,3 (0.3%),50 (0.2%),-
year == 2017.1830601092897,1 (0.1%),31 (0.1%),-
year == 2017.1857923497269,1 (0.1%),21 (0.1%),-
year == 2017.188524590164,1 (0.1%),13 (0.1%),-
year == 2017.1967213114754,-,51 (0.2%),-
year == 2017.1994535519125,1 (0.1%),54 (0.3%),-
year == 2017.2021857923498,1 (0.1%),28 (0.1%),-
year == 2017.204918032787,2 (0.2%),23 (0.1%),-
year == 2017.207650273224,1 (0.1%),14 (0.1%),-
year == 2017.2158469945355,1 (0.1%),37 (0.2%),-
year == 2017.2185792349726,2 (0.2%),37 (0.2%),-
year == 2017.22131147541,1 (0.1%),24 (0.1%),-
year == 2017.224043715847,1 (0.1%),29 (0.1%),-
year == 2017.2267759562842,-,12 (0.1%),-
year == 2017.2349726775956,4 (0.3%),35 (0.2%),-
year == 2017.2377049180327,1 (0.1%),45 (0.2%),-
year == 2017.24043715847,-,36 (0.2%),-
year == 2017.2431693989072,1 (0.1%),24 (0.1%),-
year == 2017.2459016393443,-,11 (0.1%),-
year == 2017.2540983606557,2 (0.2%),38 (0.2%),-
year == 2017.2568306010928,1 (0.1%),43 (0.2%),-
year == 2017.25956284153,2 (0.2%),23 (0.1%),-
year == 2017.2622950819673,-,29 (0.1%),-
year == 2017.2650273224044,1 (0.1%),9 (0.0%),-
year == 2017.2732240437158,1 (0.1%),17 (0.1%),-
year == 2017.275956284153,-,13 (0.1%),-
year == 2017.295081967213,2 (0.2%),53 (0.3%),-
year == 2017.2978142076502,3 (0.3%),30 (0.1%),-
year == 2017.3005464480875,1 (0.1%),26 (0.1%),-
year == 2017.3032786885246,1 (0.1%),8 (0.0%),-
year == 2017.311475409836,2 (0.2%),43 (0.2%),-
year == 2017.3142076502731,2 (0.2%),34 (0.2%),-
year == 2017.3169398907103,2 (0.2%),32 (0.2%),-
year == 2017.3196721311476,1 (0.1%),19 (0.1%),-
year == 2017.3224043715848,-,9 (0.0%),-
year == 2017.3333333333333,3 (0.3%),35 (0.2%),-
year == 2017.3360655737704,3 (0.3%),32 (0.2%),-
year == 2017.3387978142077,2 (0.2%),23 (0.1%),-
year == 2017.3415300546449,-,11 (0.1%),-
year == 2017.3497267759562,5 (0.4%),46 (0.2%),-
year == 2017.3524590163934,1 (0.1%),37 (0.2%),-
year == 2017.3551912568305,1 (0.1%),30 (0.1%),-
year == 2017.3579234972678,1 (0.1%),23 (0.1%),-
year == 2017.3688524590164,5 (0.4%),48 (0.2%),-
year == 2017.3715846994535,1 (0.1%),40 (0.2%),-
year == 2017.3743169398906,3 (0.3%),31 (0.1%),-
year == 2017.377049180328,-,23 (0.1%),-
year == 2017.379781420765,-,6 (0.0%),-
year == 2017.3879781420765,3 (0.3%),39 (0.2%),-
year == 2017.3907103825136,1 (0.1%),37 (0.2%),-
year == 2017.3934426229507,1 (0.1%),37 (0.2%),-
year == 2017.4071038251366,3 (0.3%),35 (0.2%),-
year == 2017.4098360655737,1 (0.1%),33 (0.2%),-
year == 2017.4125683060108,5 (0.4%),26 (0.1%),-
year == 2017.4153005464482,-,16 (0.1%),-
year == 2017.4180327868853,-,5 (0.0%),-
year == 2017.4289617486338,1 (0.1%),37 (0.2%),-
year == 2017.431693989071,-,31 (0.1%),-
year == 2017.4344262295083,4 (0.3%),23 (0.1%),-
year == 2017.4371584699454,1 (0.1%),8 (0.0%),-
year == 2017.4453551912568,2 (0.2%),36 (0.2%),-
year == 2017.448087431694,2 (0.2%),30 (0.1%),-
year == 2017.450819672131,-,32 (0.2%),-
year == 2017.4535519125684,1 (0.1%),19 (0.1%),-
year == 2017.4562841530055,1 (0.1%),10 (0.0%),-
year == 2017.464480874317,3 (0.3%),43 (0.2%),-
year == 2017.467213114754,2 (0.2%),38 (0.2%),-
year == 2017.4699453551912,1 (0.1%),33 (0.2%),-
year == 2017.4726775956285,-,24 (0.1%),-
year == 2017.4754098360656,1 (0.1%),9 (0.0%),-
year == 2017.483606557377,1 (0.1%),36 (0.2%),-
year == 2017.4863387978141,2 (0.2%),32 (0.2%),-
year == 2017.4890710382513,3 (0.3%),30 (0.1%),-
year == 2017.4918032786886,-,18 (0.1%),-
year == 2017.4945355191257,-,5 (0.0%),-
year == 2017.5027322404371,1 (0.1%),21 (0.1%),-
year == 2017.5054644808743,1 (0.1%),26 (0.1%),-
year == 2017.5081967213114,2 (0.2%),20 (0.1%),-
year == 2017.5109289617487,-,8 (0.0%),-
year == 2017.5136612021859,-,4 (0.0%),-
year == 2017.5218579234972,-,14 (0.1%),-
year == 2017.5245901639344,-,18 (0.1%),-
year == 2017.5273224043715,2 (0.2%),13 (0.1%),-
year == 2017.5300546448088,1 (0.1%),8 (0.0%),-
year == 2017.5409836065573,-,8 (0.0%),-
year == 2017.5437158469945,-,8 (0.0%),-
year == 2017.5464480874316,1 (0.1%),10 (0.0%),-
year == 2017.549180327869,-,6 (0.0%),-
year == 2017.551912568306,-,2 (0.0%),-
year == 2017.5601092896175,1 (0.1%),10 (0.0%),-
year == 2017.5628415300546,-,8 (0.0%),-
year == 2017.5655737704917,-,10 (0.0%),-
year == 2017.568306010929,-,8 (0.0%),-
year == 2017.5710382513662,-,4 (0.0%),-
year == 2017.5792349726776,-,7 (0.0%),-
year == 2017.5819672131147,-,6 (0.0%),-
